002619,艾格拉斯,E:\项目汇总\1---getPDF\PDF文件\hs_pdf/艾格拉斯(002619.SZ)/年度报告/艾格拉斯(002619.SZ)_2016-04-23.pdf
002619,艾格拉斯,E:\项目汇总\1---getPDF\PDF文件\hs_pdf/艾格拉斯(002619.SZ)/年度报告/艾格拉斯(002619.SZ)_2017-04-18.pdf
002619,艾格拉斯,E:\项目汇总\1---getPDF\PDF文件\hs_pdf/艾格拉斯(002619.SZ)/年度报告/艾格拉斯(002619.SZ)_2018-04-26.pdf
002619,艾格拉斯,E:\项目汇总\1---getPDF\PDF文件\hs_pdf/艾格拉斯(002619.SZ)/年度报告/艾格拉斯(002619.SZ)_2019-04-29.pdf
300753,爱朋医疗,E:\项目汇总\1---getPDF\PDF文件\hs_pdf/爱朋医疗(300753.SZ)/年度报告/爱朋医疗(300753.SZ)_2019-03-16.pdf
002940,昂利康,E:\项目汇总\1---getPDF\PDF文件\hs_pdf/昂利康(002940.SZ)/年度报告/昂利康(002940.SZ)_2019-03-30.pdf
002950,奥美医疗,E:\项目汇总\1---getPDF\PDF文件\hs_pdf/奥美医疗(002950.SZ)/年度报告/奥美医疗(002950.SZ)_2019-04-29.pdf
002913,奥士康,E:\项目汇总\1---getPDF\PDF文件\hs_pdf/奥士康(002913.SZ)/年度报告/奥士康(002913.SZ)_2018-04-23.pdf
002913,奥士康,E:\项目汇总\1---getPDF\PDF文件\hs_pdf/奥士康(002913.SZ)/年度报告/奥士康(002913.SZ)_2019-04-23.pdf
002592,八菱科技,E:\项目汇总\1---getPDF\PDF文件\hs_pdf/八菱科技(002592.SZ)/年度报告/八菱科技(002592.SZ)_2016-04-22.pdf
002592,八菱科技,E:\项目汇总\1---getPDF\PDF文件\hs_pdf/八菱科技(002592.SZ)/年度报告/八菱科技(002592.SZ)_2017-04-15.pdf
002592,八菱科技,E:\项目汇总\1---getPDF\PDF文件\hs_pdf/八菱科技(002592.SZ)/年度报告/八菱科技(002592.SZ)_2018-04-27.pdf
200761,本钢板Ｂ,E:\项目汇总\1---getPDF\PDF文件\hs_pdf/本钢板Ｂ(200761.SZ)/年度报告/本钢板Ｂ(200761.SZ)_2016-04-29.pdf
200761,本钢板Ｂ,E:\项目汇总\1---getPDF\PDF文件\hs_pdf/本钢板Ｂ(200761.SZ)/年度报告/本钢板Ｂ(200761.SZ)_2016-05-31.pdf
200761,本钢板Ｂ,E:\项目汇总\1---getPDF\PDF文件\hs_pdf/本钢板Ｂ(200761.SZ)/年度报告/本钢板Ｂ(200761.SZ)_2017-03-30.pdf
200761,本钢板Ｂ,E:\项目汇总\1---getPDF\PDF文件\hs_pdf/本钢板Ｂ(200761.SZ)/年度报告/本钢板Ｂ(200761.SZ)_2018-04-20.pdf
200761,本钢板Ｂ,E:\项目汇总\1---getPDF\PDF文件\hs_pdf/本钢板Ｂ(200761.SZ)/年度报告/本钢板Ｂ(200761.SZ)_2019-04-19.pdf
000761,本钢板材,E:\项目汇总\1---getPDF\PDF文件\hs_pdf/本钢板材(000761.SZ)/年度报告/本钢板材(000761.SZ)_2016-04-29.pdf
000761,本钢板材,E:\项目汇总\1---getPDF\PDF文件\hs_pdf/本钢板材(000761.SZ)/年度报告/本钢板材(000761.SZ)_2016-05-31.pdf
000761,本钢板材,E:\项目汇总\1---getPDF\PDF文件\hs_pdf/本钢板材(000761.SZ)/年度报告/本钢板材(000761.SZ)_2017-03-30.pdf
000761,本钢板材,E:\项目汇总\1---getPDF\PDF文件\hs_pdf/本钢板材(000761.SZ)/年度报告/本钢板材(000761.SZ)_2018-04-20.pdf
000761,本钢板材,E:\项目汇总\1---getPDF\PDF文件\hs_pdf/本钢板材(000761.SZ)/年度报告/本钢板材(000761.SZ)_2019-04-19.pdf
300667,必创科技,E:\项目汇总\1---getPDF\PDF文件\hs_pdf/必创科技(300667.SZ)/年度报告/必创科技(300667.SZ)_2018-04-25.pdf
000695,滨海能源,E:\项目汇总\1---getPDF\PDF文件\hs_pdf/滨海能源(000695.SZ)/年度报告/滨海能源(000695.SZ)_2016-03-19.pdf
000695,滨海能源,E:\项目汇总\1---getPDF\PDF文件\hs_pdf/滨海能源(000695.SZ)/年度报告/滨海能源(000695.SZ)_2017-03-16.pdf
000695,滨海能源,E:\项目汇总\1---getPDF\PDF文件\hs_pdf/滨海能源(000695.SZ)/年度报告/滨海能源(000695.SZ)_2017-04-12.pdf
000695,滨海能源,E:\项目汇总\1---getPDF\PDF文件\hs_pdf/滨海能源(000695.SZ)/年度报告/滨海能源(000695.SZ)_2018-03-16.pdf
000695,滨海能源,E:\项目汇总\1---getPDF\PDF文件\hs_pdf/滨海能源(000695.SZ)/年度报告/滨海能源(000695.SZ)_2019-04-17.pdf
300634,彩讯股份,E:\项目汇总\1---getPDF\PDF文件\hs_pdf/彩讯股份(300634.SZ)/年度报告/彩讯股份(300634.SZ)_2019-04-15.pdf
000408,藏格控股,E:\项目汇总\1---getPDF\PDF文件\hs_pdf/藏格控股(000408.SZ)/年度报告/藏格控股(000408.SZ)_2016-04-27.pdf
000408,藏格控股,E:\项目汇总\1---getPDF\PDF文件\hs_pdf/藏格控股(000408.SZ)/年度报告/藏格控股(000408.SZ)_2016-05-07.pdf
000408,藏格控股,E:\项目汇总\1---getPDF\PDF文件\hs_pdf/藏格控股(000408.SZ)/年度报告/藏格控股(000408.SZ)_2017-04-18.pdf
000408,藏格控股,E:\项目汇总\1---getPDF\PDF文件\hs_pdf/藏格控股(000408.SZ)/年度报告/藏格控股(000408.SZ)_2017-04-29.pdf
000408,藏格控股,E:\项目汇总\1---getPDF\PDF文件\hs_pdf/藏格控股(000408.SZ)/年度报告/藏格控股(000408.SZ)_2018-04-28.pdf
000408,藏格控股,E:\项目汇总\1---getPDF\PDF文件\hs_pdf/藏格控股(000408.SZ)/年度报告/藏格控股(000408.SZ)_2019-04-30.pdf
000408,藏格控股,E:\项目汇总\1---getPDF\PDF文件\hs_pdf/藏格控股(000408.SZ)/年度报告/藏格控股(000408.SZ)_2019-10-24.pdf
300598,诚迈科技,E:\项目汇总\1---getPDF\PDF文件\hs_pdf/诚迈科技(300598.SZ)/年度报告/诚迈科技(300598.SZ)_2017-03-13.pdf
300598,诚迈科技,E:\项目汇总\1---getPDF\PDF文件\hs_pdf/诚迈科技(300598.SZ)/年度报告/诚迈科技(300598.SZ)_2018-04-04.pdf
300598,诚迈科技,E:\项目汇总\1---getPDF\PDF文件\hs_pdf/诚迈科技(300598.SZ)/年度报告/诚迈科技(300598.SZ)_2019-04-19.pdf
000155,川能动力,E:\项目汇总\1---getPDF\PDF文件\hs_pdf/川能动力(000155.SZ)/年度报告/川能动力(000155.SZ)_2016-04-29.pdf
000155,川能动力,E:\项目汇总\1---getPDF\PDF文件\hs_pdf/川能动力(000155.SZ)/年度报告/川能动力(000155.SZ)_2017-04-29.pdf
000155,川能动力,E:\项目汇总\1---getPDF\PDF文件\hs_pdf/川能动力(000155.SZ)/年度报告/川能动力(000155.SZ)_2017-06-22.pdf
000155,川能动力,E:\项目汇总\1---getPDF\PDF文件\hs_pdf/川能动力(000155.SZ)/年度报告/川能动力(000155.SZ)_2018-04-28.pdf
000155,川能动力,E:\项目汇总\1---getPDF\PDF文件\hs_pdf/川能动力(000155.SZ)/年度报告/川能动力(000155.SZ)_2019-04-27.pdf
002030,达安基因,E:\项目汇总\1---getPDF\PDF文件\hs_pdf/达安基因(002030.SZ)/年度报告/达安基因(002030.SZ)_2017-03-31.pdf
002030,达安基因,E:\项目汇总\1---getPDF\PDF文件\hs_pdf/达安基因(002030.SZ)/年度报告/达安基因(002030.SZ)_2018-03-31.pdf
002030,达安基因,E:\项目汇总\1---getPDF\PDF文件\hs_pdf/达安基因(002030.SZ)/年度报告/达安基因(002030.SZ)_2019-03-30.pdf
000530,大冷股份,E:\项目汇总\1---getPDF\PDF文件\hs_pdf/大冷股份(000530.SZ)/年度报告/大冷股份(000530.SZ)_2017-04-22.pdf
000530,大冷股份,E:\项目汇总\1---getPDF\PDF文件\hs_pdf/大冷股份(000530.SZ)/年度报告/大冷股份(000530.SZ)_2018-04-21.pdf
000530,大冷股份,E:\项目汇总\1---getPDF\PDF文件\hs_pdf/大冷股份(000530.SZ)/年度报告/大冷股份(000530.SZ)_2018-06-20.pdf
000530,大冷股份,E:\项目汇总\1---getPDF\PDF文件\hs_pdf/大冷股份(000530.SZ)/年度报告/大冷股份(000530.SZ)_2019-04-20.pdf
002908,德生科技,E:\项目汇总\1---getPDF\PDF文件\hs_pdf/德生科技(002908.SZ)/年度报告/德生科技(002908.SZ)_2018-04-20.pdf
002908,德生科技,E:\项目汇总\1---getPDF\PDF文件\hs_pdf/德生科技(002908.SZ)/年度报告/德生科技(002908.SZ)_2019-04-24.pdf
002797,第一创业,E:\项目汇总\1---getPDF\PDF文件\hs_pdf/第一创业(002797.SZ)/年度报告/第一创业(002797.SZ)_2017-03-25.pdf
002797,第一创业,E:\项目汇总\1---getPDF\PDF文件\hs_pdf/第一创业(002797.SZ)/年度报告/第一创业(002797.SZ)_2017-06-20.pdf
002797,第一创业,E:\项目汇总\1---getPDF\PDF文件\hs_pdf/第一创业(002797.SZ)/年度报告/第一创业(002797.SZ)_2018-04-02.pdf
002797,第一创业,E:\项目汇总\1---getPDF\PDF文件\hs_pdf/第一创业(002797.SZ)/年度报告/第一创业(002797.SZ)_2018-04-28.pdf
002797,第一创业,E:\项目汇总\1---getPDF\PDF文件\hs_pdf/第一创业(002797.SZ)/年度报告/第一创业(002797.SZ)_2019-03-30.pdf
002797,第一创业,E:\项目汇总\1---getPDF\PDF文件\hs_pdf/第一创业(002797.SZ)/年度报告/第一创业(002797.SZ)_2019-04-01.pdf
300697,电工合金,E:\项目汇总\1---getPDF\PDF文件\hs_pdf/电工合金(300697.SZ)/年度报告/电工合金(300697.SZ)_2018-04-17.pdf
300697,电工合金,E:\项目汇总\1---getPDF\PDF文件\hs_pdf/电工合金(300697.SZ)/年度报告/电工合金(300697.SZ)_2019-04-13.pdf
000917,电广传媒,E:\项目汇总\1---getPDF\PDF文件\hs_pdf/电广传媒(000917.SZ)/年度报告/电广传媒(000917.SZ)_2016-04-22.pdf
000917,电广传媒,E:\项目汇总\1---getPDF\PDF文件\hs_pdf/电广传媒(000917.SZ)/年度报告/电广传媒(000917.SZ)_2017-04-21.pdf
000917,电广传媒,E:\项目汇总\1---getPDF\PDF文件\hs_pdf/电广传媒(000917.SZ)/年度报告/电广传媒(000917.SZ)_2018-04-28.pdf
000917,电广传媒,E:\项目汇总\1---getPDF\PDF文件\hs_pdf/电广传媒(000917.SZ)/年度报告/电广传媒(000917.SZ)_2019-04-27.pdf
300749,顶固集创,E:\项目汇总\1---getPDF\PDF文件\hs_pdf/顶固集创(300749.SZ)/年度报告/顶固集创(300749.SZ)_2019-04-03.pdf
000893,东凌国际,E:\项目汇总\1---getPDF\PDF文件\hs_pdf/东凌国际(000893.SZ)/年度报告/东凌国际(000893.SZ)_2016-04-16.pdf
000893,东凌国际,E:\项目汇总\1---getPDF\PDF文件\hs_pdf/东凌国际(000893.SZ)/年度报告/东凌国际(000893.SZ)_2017-03-31.pdf
000893,东凌国际,E:\项目汇总\1---getPDF\PDF文件\hs_pdf/东凌国际(000893.SZ)/年度报告/东凌国际(000893.SZ)_2017-05-10.pdf
000893,东凌国际,E:\项目汇总\1---getPDF\PDF文件\hs_pdf/东凌国际(000893.SZ)/年度报告/东凌国际(000893.SZ)_2018-04-28.pdf
000893,东凌国际,E:\项目汇总\1---getPDF\PDF文件\hs_pdf/东凌国际(000893.SZ)/年度报告/东凌国际(000893.SZ)_2018-06-06.pdf
000893,东凌国际,E:\项目汇总\1---getPDF\PDF文件\hs_pdf/东凌国际(000893.SZ)/年度报告/东凌国际(000893.SZ)_2019-04-24.pdf
000893,东凌国际,E:\项目汇总\1---getPDF\PDF文件\hs_pdf/东凌国际(000893.SZ)/年度报告/东凌国际(000893.SZ)_2019-04-30.pdf
000893,东凌国际,E:\项目汇总\1---getPDF\PDF文件\hs_pdf/东凌国际(000893.SZ)/年度报告/东凌国际(000893.SZ)_2019-09-05.pdf
300665,飞鹿股份,E:\项目汇总\1---getPDF\PDF文件\hs_pdf/飞鹿股份(300665.SZ)/年度报告/飞鹿股份(300665.SZ)_2018-04-24.pdf
300665,飞鹿股份,E:\项目汇总\1---getPDF\PDF文件\hs_pdf/飞鹿股份(300665.SZ)/年度报告/飞鹿股份(300665.SZ)_2019-04-23.pdf
300395,菲利华,E:\项目汇总\1---getPDF\PDF文件\hs_pdf/菲利华(300395.SZ)/年度报告/菲利华(300395.SZ)_2016-04-19.pdf
300395,菲利华,E:\项目汇总\1---getPDF\PDF文件\hs_pdf/菲利华(300395.SZ)/年度报告/菲利华(300395.SZ)_2017-03-21.pdf
300395,菲利华,E:\项目汇总\1---getPDF\PDF文件\hs_pdf/菲利华(300395.SZ)/年度报告/菲利华(300395.SZ)_2018-04-17.pdf
300395,菲利华,E:\项目汇总\1---getPDF\PDF文件\hs_pdf/菲利华(300395.SZ)/年度报告/菲利华(300395.SZ)_2019-03-15.pdf
300395,菲利华,E:\项目汇总\1---getPDF\PDF文件\hs_pdf/菲利华(300395.SZ)/年度报告/菲利华(300395.SZ)_2019-03-19.pdf
002931,锋龙股份,E:\项目汇总\1---getPDF\PDF文件\hs_pdf/锋龙股份(002931.SZ)/年度报告/锋龙股份(002931.SZ)_2019-04-30.pdf
000541,佛山照明,E:\项目汇总\1---getPDF\PDF文件\hs_pdf/佛山照明(000541.SZ)/年度报告/佛山照明(000541.SZ)_2016-03-28.pdf
000541,佛山照明,E:\项目汇总\1---getPDF\PDF文件\hs_pdf/佛山照明(000541.SZ)/年度报告/佛山照明(000541.SZ)_2017-03-30.pdf
000541,佛山照明,E:\项目汇总\1---getPDF\PDF文件\hs_pdf/佛山照明(000541.SZ)/年度报告/佛山照明(000541.SZ)_2017-04-18.pdf
000541,佛山照明,E:\项目汇总\1---getPDF\PDF文件\hs_pdf/佛山照明(000541.SZ)/年度报告/佛山照明(000541.SZ)_2018-03-30.pdf
000541,佛山照明,E:\项目汇总\1---getPDF\PDF文件\hs_pdf/佛山照明(000541.SZ)/年度报告/佛山照明(000541.SZ)_2019-03-29.pdf
000564,供销大集,E:\项目汇总\1---getPDF\PDF文件\hs_pdf/供销大集(000564.SZ)/年度报告/供销大集(000564.SZ)_2016-04-30.pdf
000564,供销大集,E:\项目汇总\1---getPDF\PDF文件\hs_pdf/供销大集(000564.SZ)/年度报告/供销大集(000564.SZ)_2017-04-29.pdf
000564,供销大集,E:\项目汇总\1---getPDF\PDF文件\hs_pdf/供销大集(000564.SZ)/年度报告/供销大集(000564.SZ)_2018-04-28.pdf
000564,供销大集,E:\项目汇总\1---getPDF\PDF文件\hs_pdf/供销大集(000564.SZ)/年度报告/供销大集(000564.SZ)_2019-04-30.pdf
002524,光正集团,E:\项目汇总\1---getPDF\PDF文件\hs_pdf/光正集团(002524.SZ)/年度报告/光正集团(002524.SZ)_2016-04-23.pdf
002524,光正集团,E:\项目汇总\1---getPDF\PDF文件\hs_pdf/光正集团(002524.SZ)/年度报告/光正集团(002524.SZ)_2017-04-08.pdf
002524,光正集团,E:\项目汇总\1---getPDF\PDF文件\hs_pdf/光正集团(002524.SZ)/年度报告/光正集团(002524.SZ)_2018-03-16.pdf
002524,光正集团,E:\项目汇总\1---getPDF\PDF文件\hs_pdf/光正集团(002524.SZ)/年度报告/光正集团(002524.SZ)_2018-06-16.pdf
002524,光正集团,E:\项目汇总\1---getPDF\PDF文件\hs_pdf/光正集团(002524.SZ)/年度报告/光正集团(002524.SZ)_2019-03-22.pdf
000159,国际实业,E:\项目汇总\1---getPDF\PDF文件\hs_pdf/国际实业(000159.SZ)/年度报告/国际实业(000159.SZ)_2016-03-29.pdf
000159,国际实业,E:\项目汇总\1---getPDF\PDF文件\hs_pdf/国际实业(000159.SZ)/年度报告/国际实业(000159.SZ)_2017-04-18.pdf
000159,国际实业,E:\项目汇总\1---getPDF\PDF文件\hs_pdf/国际实业(000159.SZ)/年度报告/国际实业(000159.SZ)_2018-03-29.pdf
000159,国际实业,E:\项目汇总\1---getPDF\PDF文件\hs_pdf/国际实业(000159.SZ)/年度报告/国际实业(000159.SZ)_2019-04-16.pdf
000028,国药一致,E:\项目汇总\1---getPDF\PDF文件\hs_pdf/国药一致(000028.SZ)/年度报告/国药一致(000028.SZ)_2016-03-26.pdf
000028,国药一致,E:\项目汇总\1---getPDF\PDF文件\hs_pdf/国药一致(000028.SZ)/年度报告/国药一致(000028.SZ)_2017-04-19.pdf
000028,国药一致,E:\项目汇总\1---getPDF\PDF文件\hs_pdf/国药一致(000028.SZ)/年度报告/国药一致(000028.SZ)_2018-03-22.pdf
000028,国药一致,E:\项目汇总\1---getPDF\PDF文件\hs_pdf/国药一致(000028.SZ)/年度报告/国药一致(000028.SZ)_2019-04-25.pdf
002900,哈三联,E:\项目汇总\1---getPDF\PDF文件\hs_pdf/哈三联(002900.SZ)/年度报告/哈三联(002900.SZ)_2018-04-04.pdf
300584,海辰药业,E:\项目汇总\1---getPDF\PDF文件\hs_pdf/海辰药业(300584.SZ)/年度报告/海辰药业(300584.SZ)_2017-04-21.pdf
300584,海辰药业,E:\项目汇总\1---getPDF\PDF文件\hs_pdf/海辰药业(300584.SZ)/年度报告/海辰药业(300584.SZ)_2018-03-12.pdf
300584,海辰药业,E:\项目汇总\1---getPDF\PDF文件\hs_pdf/海辰药业(300584.SZ)/年度报告/海辰药业(300584.SZ)_2019-04-02.pdf
300746,汉嘉设计,E:\项目汇总\1---getPDF\PDF文件\hs_pdf/汉嘉设计(300746.SZ)/年度报告/汉嘉设计(300746.SZ)_2019-04-10.pdf
002947,恒铭达,E:\项目汇总\1---getPDF\PDF文件\hs_pdf/恒铭达(002947.SZ)/年度报告/恒铭达(002947.SZ)_2019-03-20.pdf
002947,恒铭达,E:\项目汇总\1---getPDF\PDF文件\hs_pdf/恒铭达(002947.SZ)/年度报告/恒铭达(002947.SZ)_2019-03-26.pdf
000703,恒逸石化,E:\项目汇总\1---getPDF\PDF文件\hs_pdf/恒逸石化(000703.SZ)/年度报告/恒逸石化(000703.SZ)_2016-04-25.pdf
000703,恒逸石化,E:\项目汇总\1---getPDF\PDF文件\hs_pdf/恒逸石化(000703.SZ)/年度报告/恒逸石化(000703.SZ)_2016-05-13.pdf
000703,恒逸石化,E:\项目汇总\1---getPDF\PDF文件\hs_pdf/恒逸石化(000703.SZ)/年度报告/恒逸石化(000703.SZ)_2017-03-21.pdf
000703,恒逸石化,E:\项目汇总\1---getPDF\PDF文件\hs_pdf/恒逸石化(000703.SZ)/年度报告/恒逸石化(000703.SZ)_2018-04-23.pdf
000703,恒逸石化,E:\项目汇总\1---getPDF\PDF文件\hs_pdf/恒逸石化(000703.SZ)/年度报告/恒逸石化(000703.SZ)_2019-04-18.pdf
002930,宏川智慧,E:\项目汇总\1---getPDF\PDF文件\hs_pdf/宏川智慧(002930.SZ)/年度报告/宏川智慧(002930.SZ)_2019-04-19.pdf
300669,沪宁股份,E:\项目汇总\1---getPDF\PDF文件\hs_pdf/沪宁股份(300669.SZ)/年度报告/沪宁股份(300669.SZ)_2018-04-13.pdf
300669,沪宁股份,E:\项目汇总\1---getPDF\PDF文件\hs_pdf/沪宁股份(300669.SZ)/年度报告/沪宁股份(300669.SZ)_2019-04-13.pdf
300669,沪宁股份,E:\项目汇总\1---getPDF\PDF文件\hs_pdf/沪宁股份(300669.SZ)/年度报告/沪宁股份(300669.SZ)_2019-05-24.pdf
300741,华宝股份,E:\项目汇总\1---getPDF\PDF文件\hs_pdf/华宝股份(300741.SZ)/年度报告/华宝股份(300741.SZ)_2019-03-13.pdf
300676,华大基因,E:\项目汇总\1---getPDF\PDF文件\hs_pdf/华大基因(300676.SZ)/年度报告/华大基因(300676.SZ)_2018-04-20.pdf
002893,华通热力,E:\项目汇总\1---getPDF\PDF文件\hs_pdf/华通热力(002893.SZ)/年度报告/华通热力(002893.SZ)_2018-04-24.pdf
002926,华西证券,E:\项目汇总\1---getPDF\PDF文件\hs_pdf/华西证券(002926.SZ)/年度报告/华西证券(002926.SZ)_2018-04-11.pdf
002926,华西证券,E:\项目汇总\1---getPDF\PDF文件\hs_pdf/华西证券(002926.SZ)/年度报告/华西证券(002926.SZ)_2019-04-26.pdf
002928,华夏航空,E:\项目汇总\1---getPDF\PDF文件\hs_pdf/华夏航空(002928.SZ)/年度报告/华夏航空(002928.SZ)_2019-03-09.pdf
002949,华阳国际,E:\项目汇总\1---getPDF\PDF文件\hs_pdf/华阳国际(002949.SZ)/年度报告/华阳国际(002949.SZ)_2019-03-27.pdf
002906,华阳集团,E:\项目汇总\1---getPDF\PDF文件\hs_pdf/华阳集团(002906.SZ)/年度报告/华阳集团(002906.SZ)_2018-04-26.pdf
002906,华阳集团,E:\项目汇总\1---getPDF\PDF文件\hs_pdf/华阳集团(002906.SZ)/年度报告/华阳集团(002906.SZ)_2019-04-27.pdf
300755,华致酒行,E:\项目汇总\1---getPDF\PDF文件\hs_pdf/华致酒行(300755.SZ)/年度报告/华致酒行(300755.SZ)_2019-04-18.pdf
000600,建投能源,E:\项目汇总\1---getPDF\PDF文件\hs_pdf/建投能源(000600.SZ)/年度报告/建投能源(000600.SZ)_2016-04-09.pdf
000600,建投能源,E:\项目汇总\1---getPDF\PDF文件\hs_pdf/建投能源(000600.SZ)/年度报告/建投能源(000600.SZ)_2017-03-29.pdf
000600,建投能源,E:\项目汇总\1---getPDF\PDF文件\hs_pdf/建投能源(000600.SZ)/年度报告/建投能源(000600.SZ)_2017-12-29.pdf
000600,建投能源,E:\项目汇总\1---getPDF\PDF文件\hs_pdf/建投能源(000600.SZ)/年度报告/建投能源(000600.SZ)_2018-03-28.pdf
000600,建投能源,E:\项目汇总\1---getPDF\PDF文件\hs_pdf/建投能源(000600.SZ)/年度报告/建投能源(000600.SZ)_2019-03-16.pdf
200550,江 铃Ｂ,E:\项目汇总\1---getPDF\PDF文件\hs_pdf/江 铃Ｂ(200550.SZ)/年度报告/江 铃Ｂ(200550.SZ)_2016-03-19.pdf
200550,江 铃Ｂ,E:\项目汇总\1---getPDF\PDF文件\hs_pdf/江 铃Ｂ(200550.SZ)/年度报告/江 铃Ｂ(200550.SZ)_2017-03-25.pdf
200550,江 铃Ｂ,E:\项目汇总\1---getPDF\PDF文件\hs_pdf/江 铃Ｂ(200550.SZ)/年度报告/江 铃Ｂ(200550.SZ)_2018-03-24.pdf
200550,江 铃Ｂ,E:\项目汇总\1---getPDF\PDF文件\hs_pdf/江 铃Ｂ(200550.SZ)/年度报告/江 铃Ｂ(200550.SZ)_2018-06-22.pdf
200550,江 铃Ｂ,E:\项目汇总\1---getPDF\PDF文件\hs_pdf/江 铃Ｂ(200550.SZ)/年度报告/江 铃Ｂ(200550.SZ)_2019-03-28.pdf
000550,江铃汽车,E:\项目汇总\1---getPDF\PDF文件\hs_pdf/江铃汽车(000550.SZ)/年度报告/江铃汽车(000550.SZ)_2016-03-19.pdf
000550,江铃汽车,E:\项目汇总\1---getPDF\PDF文件\hs_pdf/江铃汽车(000550.SZ)/年度报告/江铃汽车(000550.SZ)_2017-03-25.pdf
000550,江铃汽车,E:\项目汇总\1---getPDF\PDF文件\hs_pdf/江铃汽车(000550.SZ)/年度报告/江铃汽车(000550.SZ)_2018-03-24.pdf
000550,江铃汽车,E:\项目汇总\1---getPDF\PDF文件\hs_pdf/江铃汽车(000550.SZ)/年度报告/江铃汽车(000550.SZ)_2018-06-22.pdf
000550,江铃汽车,E:\项目汇总\1---getPDF\PDF文件\hs_pdf/江铃汽车(000550.SZ)/年度报告/江铃汽车(000550.SZ)_2019-03-28.pdf
300660,江苏雷利,E:\项目汇总\1---getPDF\PDF文件\hs_pdf/江苏雷利(300660.SZ)/年度报告/江苏雷利(300660.SZ)_2018-04-24.pdf
300660,江苏雷利,E:\项目汇总\1---getPDF\PDF文件\hs_pdf/江苏雷利(300660.SZ)/年度报告/江苏雷利(300660.SZ)_2019-04-25.pdf
300724,捷佳伟创,E:\项目汇总\1---getPDF\PDF文件\hs_pdf/捷佳伟创(300724.SZ)/年度报告/捷佳伟创(300724.SZ)_2019-03-30.pdf
300623,捷捷微电,E:\项目汇总\1---getPDF\PDF文件\hs_pdf/捷捷微电(300623.SZ)/年度报告/捷捷微电(300623.SZ)_2018-04-12.pdf
300623,捷捷微电,E:\项目汇总\1---getPDF\PDF文件\hs_pdf/捷捷微电(300623.SZ)/年度报告/捷捷微电(300623.SZ)_2019-02-27.pdf
000656,金科股份,E:\项目汇总\1---getPDF\PDF文件\hs_pdf/金科股份(000656.SZ)/年度报告/金科股份(000656.SZ)_2016-03-29.pdf
000656,金科股份,E:\项目汇总\1---getPDF\PDF文件\hs_pdf/金科股份(000656.SZ)/年度报告/金科股份(000656.SZ)_2017-03-30.pdf
000656,金科股份,E:\项目汇总\1---getPDF\PDF文件\hs_pdf/金科股份(000656.SZ)/年度报告/金科股份(000656.SZ)_2018-04-17.pdf
000656,金科股份,E:\项目汇总\1---getPDF\PDF文件\hs_pdf/金科股份(000656.SZ)/年度报告/金科股份(000656.SZ)_2019-03-26.pdf
300748,金力永磁,E:\项目汇总\1---getPDF\PDF文件\hs_pdf/金力永磁(300748.SZ)/年度报告/金力永磁(300748.SZ)_2019-02-01.pdf
000655,金岭矿业,E:\项目汇总\1---getPDF\PDF文件\hs_pdf/金岭矿业(000655.SZ)/年度报告/金岭矿业(000655.SZ)_2016-04-23.pdf
000655,金岭矿业,E:\项目汇总\1---getPDF\PDF文件\hs_pdf/金岭矿业(000655.SZ)/年度报告/金岭矿业(000655.SZ)_2017-03-18.pdf
000655,金岭矿业,E:\项目汇总\1---getPDF\PDF文件\hs_pdf/金岭矿业(000655.SZ)/年度报告/金岭矿业(000655.SZ)_2018-04-12.pdf
000655,金岭矿业,E:\项目汇总\1---getPDF\PDF文件\hs_pdf/金岭矿业(000655.SZ)/年度报告/金岭矿业(000655.SZ)_2019-03-23.pdf
300651,金陵体育,E:\项目汇总\1---getPDF\PDF文件\hs_pdf/金陵体育(300651.SZ)/年度报告/金陵体育(300651.SZ)_2018-04-18.pdf
300651,金陵体育,E:\项目汇总\1---getPDF\PDF文件\hs_pdf/金陵体育(300651.SZ)/年度报告/金陵体育(300651.SZ)_2018-05-07.pdf
300651,金陵体育,E:\项目汇总\1---getPDF\PDF文件\hs_pdf/金陵体育(300651.SZ)/年度报告/金陵体育(300651.SZ)_2019-04-22.pdf
002905,金逸影视,E:\项目汇总\1---getPDF\PDF文件\hs_pdf/金逸影视(002905.SZ)/年度报告/金逸影视(002905.SZ)_2018-04-12.pdf
002905,金逸影视,E:\项目汇总\1---getPDF\PDF文件\hs_pdf/金逸影视(002905.SZ)/年度报告/金逸影视(002905.SZ)_2019-04-12.pdf
000803,金宇车城,E:\项目汇总\1---getPDF\PDF文件\hs_pdf/金宇车城(000803.SZ)/年度报告/金宇车城(000803.SZ)_2017-03-17.pdf
000803,金宇车城,E:\项目汇总\1---getPDF\PDF文件\hs_pdf/金宇车城(000803.SZ)/年度报告/金宇车城(000803.SZ)_2017-03-21.pdf
000803,金宇车城,E:\项目汇总\1---getPDF\PDF文件\hs_pdf/金宇车城(000803.SZ)/年度报告/金宇车城(000803.SZ)_2017-05-06.pdf
000803,金宇车城,E:\项目汇总\1---getPDF\PDF文件\hs_pdf/金宇车城(000803.SZ)/年度报告/金宇车城(000803.SZ)_2018-02-28.pdf
000803,金宇车城,E:\项目汇总\1---getPDF\PDF文件\hs_pdf/金宇车城(000803.SZ)/年度报告/金宇车城(000803.SZ)_2018-03-08.pdf
000803,金宇车城,E:\项目汇总\1---getPDF\PDF文件\hs_pdf/金宇车城(000803.SZ)/年度报告/金宇车城(000803.SZ)_2018-03-15.pdf
000803,金宇车城,E:\项目汇总\1---getPDF\PDF文件\hs_pdf/金宇车城(000803.SZ)/年度报告/金宇车城(000803.SZ)_2018-04-27.pdf
000803,金宇车城,E:\项目汇总\1---getPDF\PDF文件\hs_pdf/金宇车城(000803.SZ)/年度报告/金宇车城(000803.SZ)_2018-08-29.pdf
000803,金宇车城,E:\项目汇总\1---getPDF\PDF文件\hs_pdf/金宇车城(000803.SZ)/年度报告/金宇车城(000803.SZ)_2019-04-13.pdf
000803,金宇车城,E:\项目汇总\1---getPDF\PDF文件\hs_pdf/金宇车城(000803.SZ)/年度报告/金宇车城(000803.SZ)_2019-06-18.pdf
000725,京东方Ａ,E:\项目汇总\1---getPDF\PDF文件\hs_pdf/京东方Ａ(000725.SZ)/年度报告/京东方Ａ(000725.SZ)_2016-04-26.pdf
000725,京东方Ａ,E:\项目汇总\1---getPDF\PDF文件\hs_pdf/京东方Ａ(000725.SZ)/年度报告/京东方Ａ(000725.SZ)_2017-04-25.pdf
000725,京东方Ａ,E:\项目汇总\1---getPDF\PDF文件\hs_pdf/京东方Ａ(000725.SZ)/年度报告/京东方Ａ(000725.SZ)_2018-04-24.pdf
000725,京东方Ａ,E:\项目汇总\1---getPDF\PDF文件\hs_pdf/京东方Ａ(000725.SZ)/年度报告/京东方Ａ(000725.SZ)_2019-03-26.pdf
200725,京东方Ｂ,E:\项目汇总\1---getPDF\PDF文件\hs_pdf/京东方Ｂ(200725.SZ)/年度报告/京东方Ｂ(200725.SZ)_2016-04-26.pdf
200725,京东方Ｂ,E:\项目汇总\1---getPDF\PDF文件\hs_pdf/京东方Ｂ(200725.SZ)/年度报告/京东方Ｂ(200725.SZ)_2017-04-25.pdf
200725,京东方Ｂ,E:\项目汇总\1---getPDF\PDF文件\hs_pdf/京东方Ｂ(200725.SZ)/年度报告/京东方Ｂ(200725.SZ)_2018-04-24.pdf
200725,京东方Ｂ,E:\项目汇总\1---getPDF\PDF文件\hs_pdf/京东方Ｂ(200725.SZ)/年度报告/京东方Ｂ(200725.SZ)_2019-03-26.pdf
300709,精研科技,E:\项目汇总\1---getPDF\PDF文件\hs_pdf/精研科技(300709.SZ)/年度报告/精研科技(300709.SZ)_2018-04-24.pdf
000552,靖远煤电,E:\项目汇总\1---getPDF\PDF文件\hs_pdf/靖远煤电(000552.SZ)/年度报告/靖远煤电(000552.SZ)_2016-03-29.pdf
000552,靖远煤电,E:\项目汇总\1---getPDF\PDF文件\hs_pdf/靖远煤电(000552.SZ)/年度报告/靖远煤电(000552.SZ)_2017-03-28.pdf
000552,靖远煤电,E:\项目汇总\1---getPDF\PDF文件\hs_pdf/靖远煤电(000552.SZ)/年度报告/靖远煤电(000552.SZ)_2018-03-27.pdf
000552,靖远煤电,E:\项目汇总\1---getPDF\PDF文件\hs_pdf/靖远煤电(000552.SZ)/年度报告/靖远煤电(000552.SZ)_2019-03-26.pdf
000799,酒鬼酒,E:\项目汇总\1---getPDF\PDF文件\hs_pdf/酒鬼酒(000799.SZ)/年度报告/酒鬼酒(000799.SZ)_2016-04-08.pdf
000799,酒鬼酒,E:\项目汇总\1---getPDF\PDF文件\hs_pdf/酒鬼酒(000799.SZ)/年度报告/酒鬼酒(000799.SZ)_2016-04-21.pdf
000799,酒鬼酒,E:\项目汇总\1---getPDF\PDF文件\hs_pdf/酒鬼酒(000799.SZ)/年度报告/酒鬼酒(000799.SZ)_2017-03-29.pdf
000799,酒鬼酒,E:\项目汇总\1---getPDF\PDF文件\hs_pdf/酒鬼酒(000799.SZ)/年度报告/酒鬼酒(000799.SZ)_2018-03-09.pdf
000799,酒鬼酒,E:\项目汇总\1---getPDF\PDF文件\hs_pdf/酒鬼酒(000799.SZ)/年度报告/酒鬼酒(000799.SZ)_2018-04-25.pdf
000799,酒鬼酒,E:\项目汇总\1---getPDF\PDF文件\hs_pdf/酒鬼酒(000799.SZ)/年度报告/酒鬼酒(000799.SZ)_2019-03-27.pdf
300759,康龙化成,E:\项目汇总\1---getPDF\PDF文件\hs_pdf/康龙化成(300759.SZ)/年度报告/康龙化成(300759.SZ)_2019-04-19.pdf
300663,科蓝软件,E:\项目汇总\1---getPDF\PDF文件\hs_pdf/科蓝软件(300663.SZ)/年度报告/科蓝软件(300663.SZ)_2018-04-24.pdf
300694,蠡湖股份,E:\项目汇总\1---getPDF\PDF文件\hs_pdf/蠡湖股份(300694.SZ)/年度报告/蠡湖股份(300694.SZ)_2019-04-25.pdf
300761,立华股份,E:\项目汇总\1---getPDF\PDF文件\hs_pdf/立华股份(300761.SZ)/年度报告/立华股份(300761.SZ)_2019-04-09.pdf
300752,隆利科技,E:\项目汇总\1---getPDF\PDF文件\hs_pdf/隆利科技(300752.SZ)/年度报告/隆利科技(300752.SZ)_2019-04-24.pdf
300757,罗博特科,E:\项目汇总\1---getPDF\PDF文件\hs_pdf/罗博特科(300757.SZ)/年度报告/罗博特科(300757.SZ)_2019-04-13.pdf
300760,迈瑞医疗,E:\项目汇总\1---getPDF\PDF文件\hs_pdf/迈瑞医疗(300760.SZ)/年度报告/迈瑞医疗(300760.SZ)_2019-04-23.pdf
300751,迈为股份,E:\项目汇总\1---getPDF\PDF文件\hs_pdf/迈为股份(300751.SZ)/年度报告/迈为股份(300751.SZ)_2019-02-26.pdf
002851,麦格米特,E:\项目汇总\1---getPDF\PDF文件\hs_pdf/麦格米特(002851.SZ)/年度报告/麦格米特(002851.SZ)_2018-04-03.pdf
002851,麦格米特,E:\项目汇总\1---getPDF\PDF文件\hs_pdf/麦格米特(002851.SZ)/年度报告/麦格米特(002851.SZ)_2019-04-17.pdf
002881,美格智能,E:\项目汇总\1---getPDF\PDF文件\hs_pdf/美格智能(002881.SZ)/年度报告/美格智能(002881.SZ)_2018-04-27.pdf
002856,美芝股份,E:\项目汇总\1---getPDF\PDF文件\hs_pdf/美芝股份(002856.SZ)/年度报告/美芝股份(002856.SZ)_2018-04-25.pdf
002856,美芝股份,E:\项目汇总\1---getPDF\PDF文件\hs_pdf/美芝股份(002856.SZ)/年度报告/美芝股份(002856.SZ)_2019-04-29.pdf
002918,蒙娜丽莎,E:\项目汇总\1---getPDF\PDF文件\hs_pdf/蒙娜丽莎(002918.SZ)/年度报告/蒙娜丽莎(002918.SZ)_2018-04-20.pdf
002830,名雕股份,E:\项目汇总\1---getPDF\PDF文件\hs_pdf/名雕股份(002830.SZ)/年度报告/名雕股份(002830.SZ)_2017-04-10.pdf
002830,名雕股份,E:\项目汇总\1---getPDF\PDF文件\hs_pdf/名雕股份(002830.SZ)/年度报告/名雕股份(002830.SZ)_2018-04-23.pdf
002830,名雕股份,E:\项目汇总\1---getPDF\PDF文件\hs_pdf/名雕股份(002830.SZ)/年度报告/名雕股份(002830.SZ)_2019-04-20.pdf
002932,明德生物,E:\项目汇总\1---getPDF\PDF文件\hs_pdf/明德生物(002932.SZ)/年度报告/明德生物(002932.SZ)_2019-04-25.pdf
000421,南京公用,E:\项目汇总\1---getPDF\PDF文件\hs_pdf/南京公用(000421.SZ)/年度报告/南京公用(000421.SZ)_2016-03-18.pdf
000421,南京公用,E:\项目汇总\1---getPDF\PDF文件\hs_pdf/南京公用(000421.SZ)/年度报告/南京公用(000421.SZ)_2017-03-23.pdf
000421,南京公用,E:\项目汇总\1---getPDF\PDF文件\hs_pdf/南京公用(000421.SZ)/年度报告/南京公用(000421.SZ)_2018-03-22.pdf
000421,南京公用,E:\项目汇总\1---getPDF\PDF文件\hs_pdf/南京公用(000421.SZ)/年度报告/南京公用(000421.SZ)_2019-03-22.pdf
300644,南京聚隆,E:\项目汇总\1---getPDF\PDF文件\hs_pdf/南京聚隆(300644.SZ)/年度报告/南京聚隆(300644.SZ)_2019-04-26.pdf
300750,宁德时代,E:\项目汇总\1---getPDF\PDF文件\hs_pdf/宁德时代(300750.SZ)/年度报告/宁德时代(300750.SZ)_2019-04-25.pdf
000061,农 产 品,E:\项目汇总\1---getPDF\PDF文件\hs_pdf/农 产 品(000061.SZ)/年度报告/农 产 品(000061.SZ)_2016-04-30.pdf
000061,农 产 品,E:\项目汇总\1---getPDF\PDF文件\hs_pdf/农 产 品(000061.SZ)/年度报告/农 产 品(000061.SZ)_2017-04-24.pdf
000061,农 产 品,E:\项目汇总\1---getPDF\PDF文件\hs_pdf/农 产 品(000061.SZ)/年度报告/农 产 品(000061.SZ)_2018-04-27.pdf
000061,农 产 品,E:\项目汇总\1---getPDF\PDF文件\hs_pdf/农 产 品(000061.SZ)/年度报告/农 产 品(000061.SZ)_2019-04-27.pdf
002938,鹏鼎控股,E:\项目汇总\1---getPDF\PDF文件\hs_pdf/鹏鼎控股(002938.SZ)/年度报告/鹏鼎控股(002938.SZ)_2019-04-01.pdf
300758,七彩化学,E:\项目汇总\1---getPDF\PDF文件\hs_pdf/七彩化学(300758.SZ)/年度报告/七彩化学(300758.SZ)_2019-04-26.pdf
300747,锐科激光,E:\项目汇总\1---getPDF\PDF文件\hs_pdf/锐科激光(300747.SZ)/年度报告/锐科激光(300747.SZ)_2019-04-18.pdf
000016,深康佳Ａ,E:\项目汇总\1---getPDF\PDF文件\hs_pdf/深康佳Ａ(000016.SZ)/年度报告/深康佳Ａ(000016.SZ)_2016-04-08.pdf
000016,深康佳Ａ,E:\项目汇总\1---getPDF\PDF文件\hs_pdf/深康佳Ａ(000016.SZ)/年度报告/深康佳Ａ(000016.SZ)_2017-03-31.pdf
000016,深康佳Ａ,E:\项目汇总\1---getPDF\PDF文件\hs_pdf/深康佳Ａ(000016.SZ)/年度报告/深康佳Ａ(000016.SZ)_2018-03-31.pdf
000016,深康佳Ａ,E:\项目汇总\1---getPDF\PDF文件\hs_pdf/深康佳Ａ(000016.SZ)/年度报告/深康佳Ａ(000016.SZ)_2019-03-30.pdf
200016,深康佳Ｂ,E:\项目汇总\1---getPDF\PDF文件\hs_pdf/深康佳Ｂ(200016.SZ)/年度报告/深康佳Ｂ(200016.SZ)_2016-04-08.pdf
200016,深康佳Ｂ,E:\项目汇总\1---getPDF\PDF文件\hs_pdf/深康佳Ｂ(200016.SZ)/年度报告/深康佳Ｂ(200016.SZ)_2017-03-31.pdf
200016,深康佳Ｂ,E:\项目汇总\1---getPDF\PDF文件\hs_pdf/深康佳Ｂ(200016.SZ)/年度报告/深康佳Ｂ(200016.SZ)_2018-03-31.pdf
200016,深康佳Ｂ,E:\项目汇总\1---getPDF\PDF文件\hs_pdf/深康佳Ｂ(200016.SZ)/年度报告/深康佳Ｂ(200016.SZ)_2019-03-30.pdf
200019,深粮B,E:\项目汇总\1---getPDF\PDF文件\hs_pdf/深粮B(200019.SZ)/年度报告/深粮B(200019.SZ)_2016-04-26.pdf
200019,深粮B,E:\项目汇总\1---getPDF\PDF文件\hs_pdf/深粮B(200019.SZ)/年度报告/深粮B(200019.SZ)_2017-04-24.pdf
200019,深粮B,E:\项目汇总\1---getPDF\PDF文件\hs_pdf/深粮B(200019.SZ)/年度报告/深粮B(200019.SZ)_2018-04-24.pdf
200019,深粮B,E:\项目汇总\1---getPDF\PDF文件\hs_pdf/深粮B(200019.SZ)/年度报告/深粮B(200019.SZ)_2019-04-27.pdf
000019,深粮控股,E:\项目汇总\1---getPDF\PDF文件\hs_pdf/深粮控股(000019.SZ)/年度报告/深粮控股(000019.SZ)_2016-04-26.pdf
000019,深粮控股,E:\项目汇总\1---getPDF\PDF文件\hs_pdf/深粮控股(000019.SZ)/年度报告/深粮控股(000019.SZ)_2017-04-24.pdf
000019,深粮控股,E:\项目汇总\1---getPDF\PDF文件\hs_pdf/深粮控股(000019.SZ)/年度报告/深粮控股(000019.SZ)_2018-04-24.pdf
000019,深粮控股,E:\项目汇总\1---getPDF\PDF文件\hs_pdf/深粮控股(000019.SZ)/年度报告/深粮控股(000019.SZ)_2019-04-27.pdf
300454,深信服,E:\项目汇总\1---getPDF\PDF文件\hs_pdf/深信服(300454.SZ)/年度报告/深信服(300454.SZ)_2019-04-13.pdf
000407,胜利股份,E:\项目汇总\1---getPDF\PDF文件\hs_pdf/胜利股份(000407.SZ)/年度报告/胜利股份(000407.SZ)_2016-04-26.pdf
000407,胜利股份,E:\项目汇总\1---getPDF\PDF文件\hs_pdf/胜利股份(000407.SZ)/年度报告/胜利股份(000407.SZ)_2016-05-23.pdf
000407,胜利股份,E:\项目汇总\1---getPDF\PDF文件\hs_pdf/胜利股份(000407.SZ)/年度报告/胜利股份(000407.SZ)_2017-04-22.pdf
000407,胜利股份,E:\项目汇总\1---getPDF\PDF文件\hs_pdf/胜利股份(000407.SZ)/年度报告/胜利股份(000407.SZ)_2018-04-12.pdf
000407,胜利股份,E:\项目汇总\1---getPDF\PDF文件\hs_pdf/胜利股份(000407.SZ)/年度报告/胜利股份(000407.SZ)_2019-04-18.pdf
300693,盛弘股份,E:\项目汇总\1---getPDF\PDF文件\hs_pdf/盛弘股份(300693.SZ)/年度报告/盛弘股份(300693.SZ)_2018-04-23.pdf
000005,世纪星源,E:\项目汇总\1---getPDF\PDF文件\hs_pdf/世纪星源(000005.SZ)/年度报告/世纪星源(000005.SZ)_2016-04-27.pdf
000005,世纪星源,E:\项目汇总\1---getPDF\PDF文件\hs_pdf/世纪星源(000005.SZ)/年度报告/世纪星源(000005.SZ)_2017-04-27.pdf
000005,世纪星源,E:\项目汇总\1---getPDF\PDF文件\hs_pdf/世纪星源(000005.SZ)/年度报告/世纪星源(000005.SZ)_2018-04-21.pdf
000005,世纪星源,E:\项目汇总\1---getPDF\PDF文件\hs_pdf/世纪星源(000005.SZ)/年度报告/世纪星源(000005.SZ)_2019-04-25.pdf
000005,世纪星源,E:\项目汇总\1---getPDF\PDF文件\hs_pdf/世纪星源(000005.SZ)/年度报告/世纪星源(000005.SZ)_2019-06-27.pdf
300690,双一科技,E:\项目汇总\1---getPDF\PDF文件\hs_pdf/双一科技(300690.SZ)/年度报告/双一科技(300690.SZ)_2019-03-12.pdf
000518,四环生物,E:\项目汇总\1---getPDF\PDF文件\hs_pdf/四环生物(000518.SZ)/年度报告/四环生物(000518.SZ)_2016-04-29.pdf
000518,四环生物,E:\项目汇总\1---getPDF\PDF文件\hs_pdf/四环生物(000518.SZ)/年度报告/四环生物(000518.SZ)_2017-04-29.pdf
000518,四环生物,E:\项目汇总\1---getPDF\PDF文件\hs_pdf/四环生物(000518.SZ)/年度报告/四环生物(000518.SZ)_2018-04-28.pdf
000518,四环生物,E:\项目汇总\1---getPDF\PDF文件\hs_pdf/四环生物(000518.SZ)/年度报告/四环生物(000518.SZ)_2018-06-20.pdf
000518,四环生物,E:\项目汇总\1---getPDF\PDF文件\hs_pdf/四环生物(000518.SZ)/年度报告/四环生物(000518.SZ)_2019-04-16.pdf
002927,泰永长征,E:\项目汇总\1---getPDF\PDF文件\hs_pdf/泰永长征(002927.SZ)/年度报告/泰永长征(002927.SZ)_2018-04-20.pdf
002935,天奥电子,E:\项目汇总\1---getPDF\PDF文件\hs_pdf/天奥电子(002935.SZ)/年度报告/天奥电子(002935.SZ)_2019-04-25.pdf
300743,天地数码,E:\项目汇总\1---getPDF\PDF文件\hs_pdf/天地数码(300743.SZ)/年度报告/天地数码(300743.SZ)_2019-04-26.pdf
300743,天地数码,E:\项目汇总\1---getPDF\PDF文件\hs_pdf/天地数码(300743.SZ)/年度报告/天地数码(300743.SZ)_2019-05-14.pdf
300063,天龙集团,E:\项目汇总\1---getPDF\PDF文件\hs_pdf/天龙集团(300063.SZ)/年度报告/天龙集团(300063.SZ)_2016-04-26.pdf
300621,维业股份,E:\项目汇总\1---getPDF\PDF文件\hs_pdf/维业股份(300621.SZ)/年度报告/维业股份(300621.SZ)_2018-04-24.pdf
300621,维业股份,E:\项目汇总\1---getPDF\PDF文件\hs_pdf/维业股份(300621.SZ)/年度报告/维业股份(300621.SZ)_2019-04-25.pdf
300621,维业股份,E:\项目汇总\1---getPDF\PDF文件\hs_pdf/维业股份(300621.SZ)/年度报告/维业股份(300621.SZ)_2019-04-30.pdf
002372,伟星新材,E:\项目汇总\1---getPDF\PDF文件\hs_pdf/伟星新材(002372.SZ)/年度报告/伟星新材(002372.SZ)_2016-04-09.pdf
002372,伟星新材,E:\项目汇总\1---getPDF\PDF文件\hs_pdf/伟星新材(002372.SZ)/年度报告/伟星新材(002372.SZ)_2017-03-09.pdf
002372,伟星新材,E:\项目汇总\1---getPDF\PDF文件\hs_pdf/伟星新材(002372.SZ)/年度报告/伟星新材(002372.SZ)_2018-03-24.pdf
002372,伟星新材,E:\项目汇总\1---getPDF\PDF文件\hs_pdf/伟星新材(002372.SZ)/年度报告/伟星新材(002372.SZ)_2019-03-30.pdf
000560,我爱我家,E:\项目汇总\1---getPDF\PDF文件\hs_pdf/我爱我家(000560.SZ)/年度报告/我爱我家(000560.SZ)_2016-04-20.pdf
000560,我爱我家,E:\项目汇总\1---getPDF\PDF文件\hs_pdf/我爱我家(000560.SZ)/年度报告/我爱我家(000560.SZ)_2017-03-17.pdf
000560,我爱我家,E:\项目汇总\1---getPDF\PDF文件\hs_pdf/我爱我家(000560.SZ)/年度报告/我爱我家(000560.SZ)_2018-04-26.pdf
000560,我爱我家,E:\项目汇总\1---getPDF\PDF文件\hs_pdf/我爱我家(000560.SZ)/年度报告/我爱我家(000560.SZ)_2019-04-09.pdf
002673,西部证券,E:\项目汇总\1---getPDF\PDF文件\hs_pdf/西部证券(002673.SZ)/年度报告/西部证券(002673.SZ)_2016-04-21.pdf
002673,西部证券,E:\项目汇总\1---getPDF\PDF文件\hs_pdf/西部证券(002673.SZ)/年度报告/西部证券(002673.SZ)_2017-04-26.pdf
002673,西部证券,E:\项目汇总\1---getPDF\PDF文件\hs_pdf/西部证券(002673.SZ)/年度报告/西部证券(002673.SZ)_2018-04-20.pdf
002673,西部证券,E:\项目汇总\1---getPDF\PDF文件\hs_pdf/西部证券(002673.SZ)/年度报告/西部证券(002673.SZ)_2019-04-26.pdf
300745,欣锐科技,E:\项目汇总\1---getPDF\PDF文件\hs_pdf/欣锐科技(300745.SZ)/年度报告/欣锐科技(300745.SZ)_2019-04-25.pdf
002700,新疆浩源,E:\项目汇总\1---getPDF\PDF文件\hs_pdf/新疆浩源(002700.SZ)/年度报告/新疆浩源(002700.SZ)_2016-03-25.pdf
002700,新疆浩源,E:\项目汇总\1---getPDF\PDF文件\hs_pdf/新疆浩源(002700.SZ)/年度报告/新疆浩源(002700.SZ)_2017-03-18.pdf
002700,新疆浩源,E:\项目汇总\1---getPDF\PDF文件\hs_pdf/新疆浩源(002700.SZ)/年度报告/新疆浩源(002700.SZ)_2018-03-30.pdf
002700,新疆浩源,E:\项目汇总\1---getPDF\PDF文件\hs_pdf/新疆浩源(002700.SZ)/年度报告/新疆浩源(002700.SZ)_2019-04-24.pdf
002933,新兴装备,E:\项目汇总\1---getPDF\PDF文件\hs_pdf/新兴装备(002933.SZ)/年度报告/新兴装备(002933.SZ)_2019-04-10.pdf
002937,兴瑞科技,E:\项目汇总\1---getPDF\PDF文件\hs_pdf/兴瑞科技(002937.SZ)/年度报告/兴瑞科技(002937.SZ)_2019-03-21.pdf
000426,兴业矿业,E:\项目汇总\1---getPDF\PDF文件\hs_pdf/兴业矿业(000426.SZ)/年度报告/兴业矿业(000426.SZ)_2016-05-31.pdf
000426,兴业矿业,E:\项目汇总\1---getPDF\PDF文件\hs_pdf/兴业矿业(000426.SZ)/年度报告/兴业矿业(000426.SZ)_2017-04-29.pdf
000426,兴业矿业,E:\项目汇总\1---getPDF\PDF文件\hs_pdf/兴业矿业(000426.SZ)/年度报告/兴业矿业(000426.SZ)_2018-04-28.pdf
000426,兴业矿业,E:\项目汇总\1---getPDF\PDF文件\hs_pdf/兴业矿业(000426.SZ)/年度报告/兴业矿业(000426.SZ)_2019-04-30.pdf
002811,亚泰国际,E:\项目汇总\1---getPDF\PDF文件\hs_pdf/亚泰国际(002811.SZ)/年度报告/亚泰国际(002811.SZ)_2017-04-22.pdf
002811,亚泰国际,E:\项目汇总\1---getPDF\PDF文件\hs_pdf/亚泰国际(002811.SZ)/年度报告/亚泰国际(002811.SZ)_2018-04-10.pdf
002811,亚泰国际,E:\项目汇总\1---getPDF\PDF文件\hs_pdf/亚泰国际(002811.SZ)/年度报告/亚泰国际(002811.SZ)_2019-04-29.pdf
002605,姚记科技,E:\项目汇总\1---getPDF\PDF文件\hs_pdf/姚记科技(002605.SZ)/年度报告/姚记科技(002605.SZ)_2016-04-30.pdf
002605,姚记科技,E:\项目汇总\1---getPDF\PDF文件\hs_pdf/姚记科技(002605.SZ)/年度报告/姚记科技(002605.SZ)_2017-04-26.pdf
002605,姚记科技,E:\项目汇总\1---getPDF\PDF文件\hs_pdf/姚记科技(002605.SZ)/年度报告/姚记科技(002605.SZ)_2018-04-24.pdf
002605,姚记科技,E:\项目汇总\1---getPDF\PDF文件\hs_pdf/姚记科技(002605.SZ)/年度报告/姚记科技(002605.SZ)_2019-04-30.pdf
200028,一致Ｂ,E:\项目汇总\1---getPDF\PDF文件\hs_pdf/一致Ｂ(200028.SZ)/年度报告/一致Ｂ(200028.SZ)_2016-03-26.pdf
200028,一致Ｂ,E:\项目汇总\1---getPDF\PDF文件\hs_pdf/一致Ｂ(200028.SZ)/年度报告/一致Ｂ(200028.SZ)_2017-04-19.pdf
200028,一致Ｂ,E:\项目汇总\1---getPDF\PDF文件\hs_pdf/一致Ｂ(200028.SZ)/年度报告/一致Ｂ(200028.SZ)_2018-03-22.pdf
200028,一致Ｂ,E:\项目汇总\1---getPDF\PDF文件\hs_pdf/一致Ｂ(200028.SZ)/年度报告/一致Ｂ(200028.SZ)_2019-04-25.pdf
002943,宇晶股份,E:\项目汇总\1---getPDF\PDF文件\hs_pdf/宇晶股份(002943.SZ)/年度报告/宇晶股份(002943.SZ)_2019-04-10.pdf
300674,宇信科技,E:\项目汇总\1---getPDF\PDF文件\hs_pdf/宇信科技(300674.SZ)/年度报告/宇信科技(300674.SZ)_2019-04-25.pdf
000819,岳阳兴长,E:\项目汇总\1---getPDF\PDF文件\hs_pdf/岳阳兴长(000819.SZ)/年度报告/岳阳兴长(000819.SZ)_2016-04-06.pdf
000819,岳阳兴长,E:\项目汇总\1---getPDF\PDF文件\hs_pdf/岳阳兴长(000819.SZ)/年度报告/岳阳兴长(000819.SZ)_2017-03-28.pdf
000819,岳阳兴长,E:\项目汇总\1---getPDF\PDF文件\hs_pdf/岳阳兴长(000819.SZ)/年度报告/岳阳兴长(000819.SZ)_2018-03-27.pdf
000819,岳阳兴长,E:\项目汇总\1---getPDF\PDF文件\hs_pdf/岳阳兴长(000819.SZ)/年度报告/岳阳兴长(000819.SZ)_2019-03-26.pdf
000539,粤电力Ａ,E:\项目汇总\1---getPDF\PDF文件\hs_pdf/粤电力Ａ(000539.SZ)/年度报告/粤电力Ａ(000539.SZ)_2016-04-30.pdf
000539,粤电力Ａ,E:\项目汇总\1---getPDF\PDF文件\hs_pdf/粤电力Ａ(000539.SZ)/年度报告/粤电力Ａ(000539.SZ)_2017-04-26.pdf
000539,粤电力Ａ,E:\项目汇总\1---getPDF\PDF文件\hs_pdf/粤电力Ａ(000539.SZ)/年度报告/粤电力Ａ(000539.SZ)_2018-04-28.pdf
000539,粤电力Ａ,E:\项目汇总\1---getPDF\PDF文件\hs_pdf/粤电力Ａ(000539.SZ)/年度报告/粤电力Ａ(000539.SZ)_2019-04-12.pdf
000429,粤高速Ａ,E:\项目汇总\1---getPDF\PDF文件\hs_pdf/粤高速Ａ(000429.SZ)/年度报告/粤高速Ａ(000429.SZ)_2016-03-29.pdf
000429,粤高速Ａ,E:\项目汇总\1---getPDF\PDF文件\hs_pdf/粤高速Ａ(000429.SZ)/年度报告/粤高速Ａ(000429.SZ)_2017-03-29.pdf
000429,粤高速Ａ,E:\项目汇总\1---getPDF\PDF文件\hs_pdf/粤高速Ａ(000429.SZ)/年度报告/粤高速Ａ(000429.SZ)_2018-03-28.pdf
000429,粤高速Ａ,E:\项目汇总\1---getPDF\PDF文件\hs_pdf/粤高速Ａ(000429.SZ)/年度报告/粤高速Ａ(000429.SZ)_2019-03-29.pdf
200429,粤高速Ｂ,E:\项目汇总\1---getPDF\PDF文件\hs_pdf/粤高速Ｂ(200429.SZ)/年度报告/粤高速Ｂ(200429.SZ)_2016-03-29.pdf
200429,粤高速Ｂ,E:\项目汇总\1---getPDF\PDF文件\hs_pdf/粤高速Ｂ(200429.SZ)/年度报告/粤高速Ｂ(200429.SZ)_2017-03-29.pdf
200429,粤高速Ｂ,E:\项目汇总\1---getPDF\PDF文件\hs_pdf/粤高速Ｂ(200429.SZ)/年度报告/粤高速Ｂ(200429.SZ)_2018-03-28.pdf
200429,粤高速Ｂ,E:\项目汇总\1---getPDF\PDF文件\hs_pdf/粤高速Ｂ(200429.SZ)/年度报告/粤高速Ｂ(200429.SZ)_2019-03-29.pdf
300742,越博动力,E:\项目汇总\1---getPDF\PDF文件\hs_pdf/越博动力(300742.SZ)/年度报告/越博动力(300742.SZ)_2019-04-30.pdf
300742,越博动力,E:\项目汇总\1---getPDF\PDF文件\hs_pdf/越博动力(300742.SZ)/年度报告/越博动力(300742.SZ)_2019-05-14.pdf
000928,中钢国际,E:\项目汇总\1---getPDF\PDF文件\hs_pdf/中钢国际(000928.SZ)/年度报告/中钢国际(000928.SZ)_2016-03-11.pdf
000928,中钢国际,E:\项目汇总\1---getPDF\PDF文件\hs_pdf/中钢国际(000928.SZ)/年度报告/中钢国际(000928.SZ)_2016-05-14.pdf
000928,中钢国际,E:\项目汇总\1---getPDF\PDF文件\hs_pdf/中钢国际(000928.SZ)/年度报告/中钢国际(000928.SZ)_2017-03-29.pdf
000928,中钢国际,E:\项目汇总\1---getPDF\PDF文件\hs_pdf/中钢国际(000928.SZ)/年度报告/中钢国际(000928.SZ)_2017-03-31.pdf
000928,中钢国际,E:\项目汇总\1---getPDF\PDF文件\hs_pdf/中钢国际(000928.SZ)/年度报告/中钢国际(000928.SZ)_2017-05-24.pdf
000928,中钢国际,E:\项目汇总\1---getPDF\PDF文件\hs_pdf/中钢国际(000928.SZ)/年度报告/中钢国际(000928.SZ)_2018-03-30.pdf
000928,中钢国际,E:\项目汇总\1---getPDF\PDF文件\hs_pdf/中钢国际(000928.SZ)/年度报告/中钢国际(000928.SZ)_2019-03-29.pdf
002607,中公教育,E:\项目汇总\1---getPDF\PDF文件\hs_pdf/中公教育(002607.SZ)/年度报告/中公教育(002607.SZ)_2016-04-21.pdf
002607,中公教育,E:\项目汇总\1---getPDF\PDF文件\hs_pdf/中公教育(002607.SZ)/年度报告/中公教育(002607.SZ)_2017-04-25.pdf
002607,中公教育,E:\项目汇总\1---getPDF\PDF文件\hs_pdf/中公教育(002607.SZ)/年度报告/中公教育(002607.SZ)_2017-06-15.pdf
002607,中公教育,E:\项目汇总\1---getPDF\PDF文件\hs_pdf/中公教育(002607.SZ)/年度报告/中公教育(002607.SZ)_2018-04-17.pdf
002607,中公教育,E:\项目汇总\1---getPDF\PDF文件\hs_pdf/中公教育(002607.SZ)/年度报告/中公教育(002607.SZ)_2019-04-09.pdf
000797,中国武夷,E:\项目汇总\1---getPDF\PDF文件\hs_pdf/中国武夷(000797.SZ)/年度报告/中国武夷(000797.SZ)_2016-04-09.pdf
000797,中国武夷,E:\项目汇总\1---getPDF\PDF文件\hs_pdf/中国武夷(000797.SZ)/年度报告/中国武夷(000797.SZ)_2017-04-08.pdf
000797,中国武夷,E:\项目汇总\1---getPDF\PDF文件\hs_pdf/中国武夷(000797.SZ)/年度报告/中国武夷(000797.SZ)_2017-04-11.pdf
000797,中国武夷,E:\项目汇总\1---getPDF\PDF文件\hs_pdf/中国武夷(000797.SZ)/年度报告/中国武夷(000797.SZ)_2018-04-25.pdf
000797,中国武夷,E:\项目汇总\1---getPDF\PDF文件\hs_pdf/中国武夷(000797.SZ)/年度报告/中国武夷(000797.SZ)_2019-04-20.pdf
000889,中嘉博创,E:\项目汇总\1---getPDF\PDF文件\hs_pdf/中嘉博创(000889.SZ)/年度报告/中嘉博创(000889.SZ)_2016-04-19.pdf
000889,中嘉博创,E:\项目汇总\1---getPDF\PDF文件\hs_pdf/中嘉博创(000889.SZ)/年度报告/中嘉博创(000889.SZ)_2017-04-11.pdf
000889,中嘉博创,E:\项目汇总\1---getPDF\PDF文件\hs_pdf/中嘉博创(000889.SZ)/年度报告/中嘉博创(000889.SZ)_2018-04-17.pdf
000889,中嘉博创,E:\项目汇总\1---getPDF\PDF文件\hs_pdf/中嘉博创(000889.SZ)/年度报告/中嘉博创(000889.SZ)_2019-04-23.pdf
300756,中山金马,E:\项目汇总\1---getPDF\PDF文件\hs_pdf/中山金马(300756.SZ)/年度报告/中山金马(300756.SZ)_2019-04-12.pdf
000719,中原传媒,E:\项目汇总\1---getPDF\PDF文件\hs_pdf/中原传媒(000719.SZ)/年度报告/中原传媒(000719.SZ)_2016-04-12.pdf
000719,中原传媒,E:\项目汇总\1---getPDF\PDF文件\hs_pdf/中原传媒(000719.SZ)/年度报告/中原传媒(000719.SZ)_2017-03-31.pdf
000719,中原传媒,E:\项目汇总\1---getPDF\PDF文件\hs_pdf/中原传媒(000719.SZ)/年度报告/中原传媒(000719.SZ)_2018-03-29.pdf
000719,中原传媒,E:\项目汇总\1---getPDF\PDF文件\hs_pdf/中原传媒(000719.SZ)/年度报告/中原传媒(000719.SZ)_2019-03-29.pdf
000507,珠海港,E:\项目汇总\1---getPDF\PDF文件\hs_pdf/珠海港(000507.SZ)/年度报告/珠海港(000507.SZ)_2017-04-13.pdf
000507,珠海港,E:\项目汇总\1---getPDF\PDF文件\hs_pdf/珠海港(000507.SZ)/年度报告/珠海港(000507.SZ)_2018-03-20.pdf
000507,珠海港,E:\项目汇总\1---getPDF\PDF文件\hs_pdf/珠海港(000507.SZ)/年度报告/珠海港(000507.SZ)_2019-04-29.pdf
000659,珠海中富,E:\项目汇总\1---getPDF\PDF文件\hs_pdf/珠海中富(000659.SZ)/年度报告/珠海中富(000659.SZ)_2016-04-26.pdf
000659,珠海中富,E:\项目汇总\1---getPDF\PDF文件\hs_pdf/珠海中富(000659.SZ)/年度报告/珠海中富(000659.SZ)_2017-04-29.pdf
000659,珠海中富,E:\项目汇总\1---getPDF\PDF文件\hs_pdf/珠海中富(000659.SZ)/年度报告/珠海中富(000659.SZ)_2018-03-23.pdf
000659,珠海中富,E:\项目汇总\1---getPDF\PDF文件\hs_pdf/珠海中富(000659.SZ)/年度报告/珠海中富(000659.SZ)_2018-04-24.pdf
000659,珠海中富,E:\项目汇总\1---getPDF\PDF文件\hs_pdf/珠海中富(000659.SZ)/年度报告/珠海中富(000659.SZ)_2019-04-25.pdf
000526,紫光学大,E:\项目汇总\1---getPDF\PDF文件\hs_pdf/紫光学大(000526.SZ)/年度报告/紫光学大(000526.SZ)_2016-04-29.pdf
000526,紫光学大,E:\项目汇总\1---getPDF\PDF文件\hs_pdf/紫光学大(000526.SZ)/年度报告/紫光学大(000526.SZ)_2017-04-08.pdf
000526,紫光学大,E:\项目汇总\1---getPDF\PDF文件\hs_pdf/紫光学大(000526.SZ)/年度报告/紫光学大(000526.SZ)_2018-04-10.pdf
000526,紫光学大,E:\项目汇总\1---getPDF\PDF文件\hs_pdf/紫光学大(000526.SZ)/年度报告/紫光学大(000526.SZ)_2018-05-22.pdf
000526,紫光学大,E:\项目汇总\1---getPDF\PDF文件\hs_pdf/紫光学大(000526.SZ)/年度报告/紫光学大(000526.SZ)_2019-04-13.pdf
